shedno,shed_area,edge_pit,pit_area,pit_vol,pit_elev,pit_seqno,pit_row,pit_col,pre_vol,varatio,pour_elev,in_seqno,in_row,in_col,in_elev,out_seqno,out_row,out_col,out_elev,drains_to,edge_pit_out,pit_elev_out,pit_seqno_out,pour_elev_out
2,1679,True,33,2.0460000000009586,671.28,6442,71,2,0,1.2185824895777002,671.422,7454,82,2,671.422,7546,83,2,671.417,10,True,670.913,8282.0,671.422
3,1392,False,136,39.944999999998345,672.747,2745,30,77,0,28.69612068965398,673.462,2276,25,68,673.462,2367,26,67,673.45,8,True,669.989,7766.0,671.298
5,77,True,24,2.5479999999989786,675.696,156,2,64,0,33.09090909089583,675.978,524,6,64,675.978,616,7,64,675.971,8,True,669.989,7766.0,671.298
7,652,True,62,14.354000000001406,672.244,8351,91,71,0,22.01533742331504,672.874,8252,90,64,672.859,8343,91,63,672.874,9,True,671.297,8329.0,671.298
8,4000,True,375,146.41199999999833,669.989,7766,85,38,0,36.60299999999958,671.298,8328,91,48,671.298,8329,91,49,671.297,9,True,671.297,8329.0,671.298
9,115,True,1,0.0009999999999763531,671.297,8329,91,49,0,0.008695652173707418,671.298,8329,91,49,671.297,8328,91,48,671.298,8,True,669.989,7766.0,671.298
10,185,True,45,7.718000000000984,670.913,8282,91,2,0,41.71891891892424,671.422,7546,83,2,671.417,7454,82,2,671.422,2,True,671.28,6442.0,671.422
